product_id,product_name,unit_price
1,raise,54
2,direction,24
3,call,61
4,strategy,10
5,office,11
6,race,68
7,during,55
8,carry,73
9,often,62
10,fill,73
11,like,84
12,well,20
13,expect,78
14,television,85
15,speech,69
16,paper,49
17,between,76
18,help,89
19,cause,22
20,of,14
21,certain,31
22,environmental,87
23,no,95
24,hundred,59
25,throw,50
26,well,42
27,region,31
28,group,23
29,page,90
30,perhaps,84
31,but,57
32,subject,11
33,baby,43
34,situation,24
35,half,98
36,those,30
37,start,95
38,game,26
39,see,30
40,effort,77
41,people,46
42,memory,22
43,anything,57
44,break,75
45,side,18
46,staff,14
47,police,49
48,eight,61
49,wonder,58
50,bed,66
51,standard,72
52,member,30
53,surface,91
54,training,70
55,imagine,41
56,painting,76
57,stop,42
58,easy,96
59,data,31
60,for,46
61,back,31
62,certainly,80
63,fire,75
64,director,82
65,all,32
66,deal,53
67,member,88
68,sea,11
69,section,100
70,blue,83
71,I,27
72,security,77
73,guy,11
74,force,50
75,spring,35
76,career,38
77,yes,96
78,respond,61
79,more,75
80,your,46
81,red,44
82,star,72
83,sense,62
84,computer,86
85,party,32
86,skin,88
87,fall,25
88,ok,21
89,person,36
90,camera,53
91,speak,70
92,free,25
93,state,26
94,store,85
95,ahead,33
96,month,67
97,indeed,47
98,wonder,57
99,produce,52
100,light,43
