0,"Luke","Fowler"
1,"Aldus","Adams"
2,"David","Fowler"
3,"Mike","Rogers"
4,"Ned","Moore"
6,"Frederick","Sullivan"
7,"Haris","Myers"
8,"Sydney","Ferguson"
9,"Miranda","Riley"
12,"William","Phillips"
13,"Jasmine","Campbell"
16,"Rebecca","Ellis"
17,"Spike","Turner"
18,"Savana","Morrison"
19,"Lydia","Grant"
20,"Vanessa","Chapman"
22,"Madaline","Spencer"
23,"Eleanor","Crawford"
24,"Kelsey","Mason"
25,"Rubie","Stevens"
26,"Adrianna","Mason"
27,"Sophia","Morrison"
28,"Vivian","Mitchell"
29,"Charlie","Carroll"
30,"Michelle","Scott"
31,"Alexia","Andrews"
32,"Eleanor","Johnson"
33,"April","Gray"
34,"Michelle","Riley"
35,"Henry","Howard"
36,"Edith","Anderson"
37,"Violet","Fowler"
38,"Adam","Ellis"
39,"William","Moore"
40,"Miller","Harris"
42,"Fiona","Baker"
45,"Garry","Ellis"
46,"Lydia","Payne"
47,"Rosie","Robinson"
48,"Tony","Barrett"
