"Luke","Fowler"
"Aldus","Adams"
"David","Fowler"
"Mike","Rogers"
"Ned","Moore"
"Sarah","Sullivan"
"Frederick","Sullivan"
"Haris","Myers"
"Sydney","Ferguson"
"Miranda","Riley"
"Amanda","Martin"
"Richard","Cameron"
"William","Phillips"
"Jasmine","Campbell"
"Tara","Douglas"
"Alissa","Harris"
"Rebecca","Ellis"
"Spike","Turner"
"Savana","Morrison"
"Lydia","Grant"
"Vanessa","Chapman"
"Nicole","Chapman"
"Madaline","Spencer"
"Eleanor","Crawford"
"Kelsey","Mason"
"Rubie","Stevens"
"Adrianna","Mason"
"Sophia","Morrison"
"Vivian","Mitchell"
"Charlie","Carroll"
"Michelle","Scott"
"Alexia","Andrews"
"Eleanor","Johnson"
"April","Gray"
"Michelle","Riley"
"Henry","Howard"
"Edith","Anderson"
"Violet","Fowler"
"Adam","Ellis"
"William","Moore"
"Miller","Harris"
"Rebecca","Clark"
"Fiona","Baker"
"Dainton","Harris"
"Sarah","Davis"
"Garry","Ellis"
"Lydia","Payne"
"Rosie","Robinson"
"Tony","Barrett"
"Ryan","Jones"
